Workbook
Name _ftn1: 'Calcul partenere & legate'!#REF!
Name _ftn2: 'Calcul partenere & legate'!#REF!
Name _ftnref1: 'Tabel B1 - consolidate'!$C$2

Sheet Ipoteze
B1: imm2020
B2: Societate analizata | C2: ABC SRL
B3: Exercitiu financiar | C3: 2019
B4: Curs de schimb sf. anului (lei/euro) | C4: 4.7793

Sheet Date_partenere
H2: VALORILE PRELUATE DIN BILANT
B3: Nr. | C3: Denumire societate partenera | D3: Adresa sediului social | E3: Cod unic de înregistrare | F3: Numele și prenumele președintelui consiliului de administratie, director general sau echivalent | G3: Procent parteneriat (%) | H3: Numărul mediu anual de salariaţi | I3: Cifra de afaceri anuală netă (mii lei) | J3: Active totale (mii lei)
B4: 1
B5: 2
B6: 3
B7: 4
B8: 5
B9: 6
B10: 7
B11: 8
C12: TOTAL | G12: - | H12: =ROUND($G4*H4,2)+ROUND($G5*H5,2)+ROUND($G6*H6,2)+ROUND($G7*H7,2)+ROUND($G8*H8,2)+ROUND($G9*H9,2)+ROUND($G10*H10,2)+ROUND($G11*H11,2) -> 0 | I12: =ROUND($G4*I4,3)+ROUND($G5*I5,3)+ROUND($G6*I6,3)+ROUND($G7*I7,3)+ROUND($G8*I8,3)+ROUND($G9*I9,3)+ROUND($G10*I10,3)+ROUND($G11*I11,3) -> 0 | J12: =ROUND($G4*J4,3)+ROUND($G5*J5,3)+ROUND($G6*J6,3)+ROUND($G7*J7,3)+ROUND($G8*J8,3)+ROUND($G9*J9,3)+ROUND($G10*J10,3)+ROUND($G11*J11,3) -> 0

Sheet Date_consolidate
B2: CONSOLIDATE | C2: Numărul mediu anual de salariaţi | D2: Cifra de afaceri anuală netă (mii lei) | E2: Active totale (mii lei)
B3: TOTAL

Sheet Date_legate
D2: VALORILE PRELUATE DIN BILANT
B3: Nr. | C3: Denumire societate legata | D3: Numărul mediu anual de salariaţi | E3: Cifra de afaceri anuală netă (mii lei) | F3: Active totale (mii lei)
B4: 1
B5: 2
B6: 3
B7: 4
B8: 5
B9: 6
B10: 7
B11: 8
B12: 9
B13: 10
C14: TOTAL | D14: =SUM(D4:D13) -> 0 | E14: =SUM(E4:E13) -> 0 | F14: =SUM(F4:F13) -> 0

Sheet Calcul partenere & legate
B2: ="Perioada de referinţă: "&Ipoteze!C3 -> Perioada de referinţă: 2019
C3: Numărul mediu anual de salariaţi | D3: Cifra de afaceri anuală netă | E3: Cifra de afaceri anuală netă | F3: Active totale | G3: Active totale
D4: (mii lei) | E4: (mii lei / mii euro) | F4: (mii lei) | G4: (mii lei / mii euro)
B5: 1. Datele întreprinderii solicitante sau cele din situaţiile financiare anuale consolidate (se vor introduce datele din tabelul B1 din sectiunea B2) | C5: =Date_consolidate!C3 -> 0 | D5: =Date_consolidate!D3 -> 0 | E5: =TEXT(D5,"#.##0,000")&" mii lei / "&TEXT(D5/Ipoteze!$C$4,"#.##0,000")&" mii euro" -> 0,000 mii lei / 0,000 mii euro | F5: =Date_consolidate!E3 -> 0 | G5: =TEXT(F5,"#.##0,000")&" mii lei / "&TEXT(F5/Ipoteze!$C$4,"#.##0,000")&" mii euro" -> 0,000 mii lei / 0,000 mii euro
B6: 2. Datele cumulate în mod proporţional ale tuturor întreprinderilor partenere, dacă este cazul (se vor introduce datele din secţiunea A) | C6: ='Sect A - Intr. partenere'!F12 -> 0 | D6: =Date_partenere!I12 -> 0 | E6: ='Sect A - Intr. partenere'!G12 -> 0,000 mii lei / 0,000 mii euro | F6: =Date_partenere!J12 -> 0 | G6: ='Sect A - Intr. partenere'!H12 -> 0,000 mii lei / 0,000 mii euro
B7: 3. Datele cumulate ale tuturor întreprinderilor legate (dacă există) - dacă nu au fost deja incluse prin consolidare la pct. 1 din acest tabel (se vor introduce datele din tabelul B2 din sectiunea B) | C7: ='Tabel B2 - legate'!C13 -> 0 | D7: =Date_legate!E14 -> 0 | E7: =TEXT(D7,"#.##0,000")&" mii lei / "&TEXT(D7/Ipoteze!$C$4,"#.##0,000")&" mii euro" -> 0,000 mii lei / 0,000 mii euro | F7: =Date_legate!F14 -> 0 | G7: =TEXT(F7,"#.##0,000")&" mii lei / "&TEXT(F7/Ipoteze!$C$4,"#.##0,000")&" mii euro" -> 0,000 mii lei / 0,000 mii euro
B8: TOTAL: | C8: =SUM(C5:C7) -> 0 | D8: =SUM(D5:D7) -> 0 | E8: =TEXT(D8,"#.##0,000")&" mii lei / "&TEXT(D8/Ipoteze!$C$4,"#.##0,000")&" mii euro" -> 0,000 mii lei / 0,000 mii euro | F8: =SUM(F5:F7) -> 0 | G8: =TEXT(F8,"#.##0,000")&" mii lei / "&TEXT(F8/Ipoteze!$C$4,"#.##0,000")&" mii euro" -> 0,000 mii lei / 0,000 mii euro

Sheet Sect A - Intr. partenere
B2: Întreprinderea partenera – date de identificare | F2: Numărul mediu anual de salariaţi | G2: Cifra de afaceri anuală netă | H2: Active totale
B3: Numele sau denumirea întreprinderii | C3: Adresa sediului social | D3: Cod unic de înregistrare | E3: Numele și prenumele președintelui consiliului de administratie, director general sau echivalent | G3: (mii lei / mii euro) | H3: (mii lei / mii euro)
B4: =Date_partenere!B4&". "&Date_partenere!C4 -> 1. | C4: =IF(Date_partenere!D4="","",Date_partenere!D4) | D4: =IF(Date_partenere!E4="","",Date_partenere!E4) | E4: =IF(Date_partenere!F4="","",Date_partenere!F4) | F4: =ROUND(Date_partenere!H4*Date_partenere!G4,2) -> 0 | G4: =TEXT(ROUND(Date_partenere!I4*Date_partenere!$G4,3),"#.##0,000")&" mii lei / "&TEXT(ROUND(Date_partenere!I4*Date_partenere!$G4/Ipoteze!$C$4,3),"#.##0,000")&" mii euro" -> 0,000 mii lei / 0,000 mii euro | H4: =TEXT(ROUND(Date_partenere!J4*Date_partenere!$G4,3),"#.##0,000")&" mii lei / "&TEXT(ROUND(Date_partenere!J4*Date_partenere!$G4/Ipoteze!$C$4,3),"#.##0,000")&" mii euro" -> 0,000 mii lei / 0,000 mii euro
B5: 2. ................. | C5: =IF(Date_partenere!D5="","",Date_partenere!D5) | D5: =IF(Date_partenere!E5="","",Date_partenere!E5) | E5: =IF(Date_partenere!F5="","",Date_partenere!F5) | F5: =ROUND(Date_partenere!H5*Date_partenere!G5,2) -> 0 | G5: =TEXT(ROUND(Date_partenere!I5*Date_partenere!$G5,3),"#.##0,000")&" mii lei / "&TEXT(ROUND(Date_partenere!I5*Date_partenere!$G5/Ipoteze!$C$4,3),"#.##0,000")&" mii euro" -> 0,000 mii lei / 0,000 mii euro | H5: =TEXT(ROUND(Date_partenere!J5*Date_partenere!$G5,3),"#.##0,000")&" mii lei / "&TEXT(ROUND(Date_partenere!J5*Date_partenere!$G5/Ipoteze!$C$4,3),"#.##0,000")&" mii euro" -> 0,000 mii lei / 0,000 mii euro
B6: 3. ................. | C6: =IF(Date_partenere!D6="","",Date_partenere!D6) | D6: =IF(Date_partenere!E6="","",Date_partenere!E6) | E6: =IF(Date_partenere!F6="","",Date_partenere!F6) | F6: =ROUND(Date_partenere!H6*Date_partenere!G6,2) -> 0 | G6: =TEXT(ROUND(Date_partenere!I6*Date_partenere!$G6,3),"#.##0,000")&" mii lei / "&TEXT(ROUND(Date_partenere!I6*Date_partenere!$G6/Ipoteze!$C$4,3),"#.##0,000")&" mii euro" -> 0,000 mii lei / 0,000 mii euro | H6: =TEXT(ROUND(Date_partenere!J6*Date_partenere!$G6,3),"#.##0,000")&" mii lei / "&TEXT(ROUND(Date_partenere!J6*Date_partenere!$G6/Ipoteze!$C$4,3),"#.##0,000")&" mii euro" -> 0,000 mii lei / 0,000 mii euro
B7: 4. ................. | C7: =IF(Date_partenere!D7="","",Date_partenere!D7) | D7: =IF(Date_partenere!E7="","",Date_partenere!E7) | E7: =IF(Date_partenere!F7="","",Date_partenere!F7) | F7: =ROUND(Date_partenere!H7*Date_partenere!G7,2) -> 0 | G7: =TEXT(ROUND(Date_partenere!I7*Date_partenere!$G7,3),"#.##0,000")&" mii lei / "&TEXT(ROUND(Date_partenere!I7*Date_partenere!$G7/Ipoteze!$C$4,3),"#.##0,000")&" mii euro" -> 0,000 mii lei / 0,000 mii euro | H7: =TEXT(ROUND(Date_partenere!J7*Date_partenere!$G7,3),"#.##0,000")&" mii lei / "&TEXT(ROUND(Date_partenere!J7*Date_partenere!$G7/Ipoteze!$C$4,3),"#.##0,000")&" mii euro" -> 0,000 mii lei / 0,000 mii euro
B8: 5. ................. | C8: =IF(Date_partenere!D8="","",Date_partenere!D8) | D8: =IF(Date_partenere!E8="","",Date_partenere!E8) | E8: =IF(Date_partenere!F8="","",Date_partenere!F8) | F8: =ROUND(Date_partenere!H8*Date_partenere!G8,2) -> 0 | G8: =TEXT(ROUND(Date_partenere!I8*Date_partenere!$G8,3),"#.##0,000")&" mii lei / "&TEXT(ROUND(Date_partenere!I8*Date_partenere!$G8/Ipoteze!$C$4,3),"#.##0,000")&" mii euro" -> 0,000 mii lei / 0,000 mii euro | H8: =TEXT(ROUND(Date_partenere!J8*Date_partenere!$G8,3),"#.##0,000")&" mii lei / "&TEXT(ROUND(Date_partenere!J8*Date_partenere!$G8/Ipoteze!$C$4,3),"#.##0,000")&" mii euro" -> 0,000 mii lei / 0,000 mii euro
B9: 6. ................. | C9: =IF(Date_partenere!D9="","",Date_partenere!D9) | D9: =IF(Date_partenere!E9="","",Date_partenere!E9) | E9: =IF(Date_partenere!F9="","",Date_partenere!F9) | F9: =ROUND(Date_partenere!H9*Date_partenere!G9,2) -> 0 | G9: =TEXT(ROUND(Date_partenere!I9*Date_partenere!$G9,3),"#.##0,000")&" mii lei / "&TEXT(ROUND(Date_partenere!I9*Date_partenere!$G9/Ipoteze!$C$4,3),"#.##0,000")&" mii euro" -> 0,000 mii lei / 0,000 mii euro | H9: =TEXT(ROUND(Date_partenere!J9*Date_partenere!$G9,3),"#.##0,000")&" mii lei / "&TEXT(ROUND(Date_partenere!J9*Date_partenere!$G9/Ipoteze!$C$4,3),"#.##0,000")&" mii euro" -> 0,000 mii lei / 0,000 mii euro
B10: 7. ................. | C10: =IF(Date_partenere!D10="","",Date_partenere!D10) | D10: =IF(Date_partenere!E10="","",Date_partenere!E10) | E10: =IF(Date_partenere!F10="","",Date_partenere!F10) | F10: =ROUND(Date_partenere!H10*Date_partenere!G10,2) -> 0 | G10: =TEXT(ROUND(Date_partenere!I10*Date_partenere!$G10,3),"#.##0,000")&" mii lei / "&TEXT(ROUND(Date_partenere!I10*Date_partenere!$G10/Ipoteze!$C$4,3),"#.##0,000")&" mii euro" -> 0,000 mii lei / 0,000 mii euro | H10: =TEXT(ROUND(Date_partenere!J10*Date_partenere!$G10,3),"#.##0,000")&" mii lei / "&TEXT(ROUND(Date_partenere!J10*Date_partenere!$G10/Ipoteze!$C$4,3),"#.##0,000")&" mii euro" -> 0,000 mii lei / 0,000 mii euro
B11: 8. ................. | C11: =IF(Date_partenere!D11="","",Date_partenere!D11) | D11: =IF(Date_partenere!E11="","",Date_partenere!E11) | E11: =IF(Date_partenere!F11="","",Date_partenere!F11) | F11: =ROUND(Date_partenere!H11*Date_partenere!G11,2) -> 0 | G11: =TEXT(ROUND(Date_partenere!I11*Date_partenere!$G11,3),"#.##0,000")&" mii lei / "&TEXT(ROUND(Date_partenere!I11*Date_partenere!$G11/Ipoteze!$C$4,3),"#.##0,000")&" mii euro" -> 0,000 mii lei / 0,000 mii euro | H11: =TEXT(ROUND(Date_partenere!J11*Date_partenere!$G11,3),"#.##0,000")&" mii lei / "&TEXT(ROUND(Date_partenere!J11*Date_partenere!$G11/Ipoteze!$C$4,3),"#.##0,000")&" mii euro" -> 0,000 mii lei / 0,000 mii euro
B12: TOTAL: | F12: =SUM(F4:F11) -> 0 | G12: =TEXT(Date_partenere!I12,"#.##0,000")&" mii lei / "&TEXT(ROUND(Date_partenere!I12/Ipoteze!$C$4,3),"#.##0,000")&" mii euro" -> 0,000 mii lei / 0,000 mii euro | H12: =TEXT(Date_partenere!J12,"#.##0,000")&" mii lei / "&TEXT(ROUND(Date_partenere!J12/Ipoteze!$C$4,3),"#.##0,000")&" mii euro" -> 0,000 mii lei / 0,000 mii euro

Sheet Tabel B1 - consolidate
C2: Numărul mediu anual de salariaţi | D2: Cifra de afaceri anuală netă | E2: Active totale
D3: (mii lei / mii euro) | E3: (mii lei / mii euro)
B4: Total: | C4: ='Calcul partenere & legate'!C5 -> 0 | D4: ='Calcul partenere & legate'!E5 -> 0,000 mii lei / 0,000 mii euro | E4: ='Calcul partenere & legate'!G5 -> 0,000 mii lei / 0,000 mii euro

Sheet Tabel B2 - legate
B2: Intreprinderea: | C2: Numărul mediu anual de salariaţi | D2: Cifra de afaceri anuală netă (mii lei / mii euro) | E2: Active totale (mii lei / mii euro)
B3: =IF(Date_legate!C4="","",Date_legate!C4) | C3: =ROUND(Date_legate!D4,2) -> 0 | D3: =TEXT(Date_legate!E4,"#.##0,000")&" mii lei / "&TEXT(ROUND(Date_legate!E4/Ipoteze!$C$4,3),"#.##0,000")&" mii euro" -> 0,000 mii lei / 0,000 mii euro | E3: =TEXT(Date_legate!F4,"#.##0,000")&" mii lei / "&TEXT(ROUND(Date_legate!F4/Ipoteze!$C$4,3),"#.##0,000")&" mii euro" -> 0,000 mii lei / 0,000 mii euro
B4: =IF(Date_legate!C5="","",Date_legate!C5) | C4: =ROUND(Date_legate!D5,2) -> 0 | D4: =TEXT(Date_legate!E5,"#.##0,000")&" mii lei / "&TEXT(ROUND(Date_legate!E5/Ipoteze!$C$4,3),"#.##0,000")&" mii euro" -> 0,000 mii lei / 0,000 mii euro | E4: =TEXT(Date_legate!F5,"#.##0,000")&" mii lei / "&TEXT(ROUND(Date_legate!F5/Ipoteze!$C$4,3),"#.##0,000")&" mii euro" -> 0,000 mii lei / 0,000 mii euro
B5: =IF(Date_legate!C6="","",Date_legate!C6) | C5: =ROUND(Date_legate!D6,2) -> 0 | D5: =TEXT(Date_legate!E6,"#.##0,000")&" mii lei / "&TEXT(ROUND(Date_legate!E6/Ipoteze!$C$4,3),"#.##0,000")&" mii euro" -> 0,000 mii lei / 0,000 mii euro | E5: =TEXT(Date_legate!F6,"#.##0,000")&" mii lei / "&TEXT(ROUND(Date_legate!F6/Ipoteze!$C$4,3),"#.##0,000")&" mii euro" -> 0,000 mii lei / 0,000 mii euro
B6: =IF(Date_legate!C7="","",Date_legate!C7) | C6: =ROUND(Date_legate!D7,2) -> 0 | D6: =TEXT(Date_legate!E7,"#.##0,000")&" mii lei / "&TEXT(ROUND(Date_legate!E7/Ipoteze!$C$4,3),"#.##0,000")&" mii euro" -> 0,000 mii lei / 0,000 mii euro | E6: =TEXT(Date_legate!F7,"#.##0,000")&" mii lei / "&TEXT(ROUND(Date_legate!F7/Ipoteze!$C$4,3),"#.##0,000")&" mii euro" -> 0,000 mii lei / 0,000 mii euro
B7: =IF(Date_legate!C8="","",Date_legate!C8) | C7: =ROUND(Date_legate!D8,2) -> 0 | D7: =TEXT(Date_legate!E8,"#.##0,000")&" mii lei / "&TEXT(ROUND(Date_legate!E8/Ipoteze!$C$4,3),"#.##0,000")&" mii euro" -> 0,000 mii lei / 0,000 mii euro | E7: =TEXT(Date_legate!F8,"#.##0,000")&" mii lei / "&TEXT(ROUND(Date_legate!F8/Ipoteze!$C$4,3),"#.##0,000")&" mii euro" -> 0,000 mii lei / 0,000 mii euro
B8: =IF(Date_legate!C9="","",Date_legate!C9) | C8: =ROUND(Date_legate!D9,2) -> 0 | D8: =TEXT(Date_legate!E9,"#.##0,000")&" mii lei / "&TEXT(ROUND(Date_legate!E9/Ipoteze!$C$4,3),"#.##0,000")&" mii euro" -> 0,000 mii lei / 0,000 mii euro | E8: =TEXT(Date_legate!F9,"#.##0,000")&" mii lei / "&TEXT(ROUND(Date_legate!F9/Ipoteze!$C$4,3),"#.##0,000")&" mii euro" -> 0,000 mii lei / 0,000 mii euro
B9: =IF(Date_legate!C10="","",Date_legate!C10) | C9: =ROUND(Date_legate!D10,2) -> 0 | D9: =TEXT(Date_legate!E10,"#.##0,000")&" mii lei / "&TEXT(ROUND(Date_legate!E10/Ipoteze!$C$4,3),"#.##0,000")&" mii euro" -> 0,000 mii lei / 0,000 mii euro | E9: =TEXT(Date_legate!F10,"#.##0,000")&" mii lei / "&TEXT(ROUND(Date_legate!F10/Ipoteze!$C$4,3),"#.##0,000")&" mii euro" -> 0,000 mii lei / 0,000 mii euro
B10: =IF(Date_legate!C11="","",Date_legate!C11) | C10: =ROUND(Date_legate!D11,2) -> 0 | D10: =TEXT(Date_legate!E11,"#.##0,000")&" mii lei / "&TEXT(ROUND(Date_legate!E11/Ipoteze!$C$4,3),"#.##0,000")&" mii euro" -> 0,000 mii lei / 0,000 mii euro | E10: =TEXT(Date_legate!F11,"#.##0,000")&" mii lei / "&TEXT(ROUND(Date_legate!F11/Ipoteze!$C$4,3),"#.##0,000")&" mii euro" -> 0,000 mii lei / 0,000 mii euro
B11: =IF(Date_legate!C12="","",Date_legate!C12) | C11: =ROUND(Date_legate!D12,2) -> 0 | D11: =TEXT(Date_legate!E12,"#.##0,000")&" mii lei / "&TEXT(ROUND(Date_legate!E12/Ipoteze!$C$4,3),"#.##0,000")&" mii euro" -> 0,000 mii lei / 0,000 mii euro | E11: =TEXT(Date_legate!F12,"#.##0,000")&" mii lei / "&TEXT(ROUND(Date_legate!F12/Ipoteze!$C$4,3),"#.##0,000")&" mii euro" -> 0,000 mii lei / 0,000 mii euro
B12: =IF(Date_legate!C13="","",Date_legate!C13) | C12: =ROUND(Date_legate!D13,2) -> 0 | D12: =TEXT(Date_legate!E13,"#.##0,000")&" mii lei / "&TEXT(ROUND(Date_legate!E13/Ipoteze!$C$4,3),"#.##0,000")&" mii euro" -> 0,000 mii lei / 0,000 mii euro | E12: =TEXT(Date_legate!F13,"#.##0,000")&" mii lei / "&TEXT(ROUND(Date_legate!F13/Ipoteze!$C$4,3),"#.##0,000")&" mii euro" -> 0,000 mii lei / 0,000 mii euro
B13: TOTAL: | C13: =SUM(C3:C12) -> 0 | D13: =TEXT(Date_legate!E14,"#.##0,000")&" mii lei / "&TEXT(ROUND(Date_legate!E14/Ipoteze!$C$4,3),"#.##0,000")&" mii euro" -> 0,000 mii lei / 0,000 mii euro | E13: =TEXT(Date_legate!F14,"#.##0,000")&" mii lei / "&TEXT(ROUND(Date_legate!F14/Ipoteze!$C$4,3),"#.##0,000")&" mii euro" -> 0,000 mii lei / 0,000 mii euro
